-- MySQL dump 10.13  Distrib 8.0.31, for Win64 (x86_64)
--
-- Host: localhost    Database: quanlysinhvien
-- ------------------------------------------------------
-- Server version	8.0.31

/*!40101 SET @OLD_CHARACTER_SET_CLIENT=@@CHARACTER_SET_CLIENT */;
/*!40101 SET @OLD_CHARACTER_SET_RESULTS=@@CHARACTER_SET_RESULTS */;
/*!40101 SET @OLD_COLLATION_CONNECTION=@@COLLATION_CONNECTION */;
/*!50503 SET NAMES utf8 */;
/*!40103 SET @OLD_TIME_ZONE=@@TIME_ZONE */;
/*!40103 SET TIME_ZONE='+00:00' */;
/*!40014 SET @OLD_UNIQUE_CHECKS=@@UNIQUE_CHECKS, UNIQUE_CHECKS=0 */;
/*!40014 SET @OLD_FOREIGN_KEY_CHECKS=@@FOREIGN_KEY_CHECKS, FOREIGN_KEY_CHECKS=0 */;
/*!40101 SET @OLD_SQL_MODE=@@SQL_MODE, SQL_MODE='NO_AUTO_VALUE_ON_ZERO' */;
/*!40111 SET @OLD_SQL_NOTES=@@SQL_NOTES, SQL_NOTES=0 */;

--
-- Table structure for table `class`
--

DROP TABLE IF EXISTS `class`;
/*!40101 SET @saved_cs_client     = @@character_set_client */;
/*!50503 SET character_set_client = utf8mb4 */;
CREATE TABLE `class` (
  `classID` int NOT NULL AUTO_INCREMENT,
  `class_name` varchar(60) NOT NULL,
  `start_date` datetime DEFAULT NULL,
  `status` bit(1) DEFAULT NULL,
  PRIMARY KEY (`classID`)
) ENGINE=InnoDB AUTO_INCREMENT=4 DEFAULT CHARSET=utf8mb4 COLLATE=utf8mb4_0900_ai_ci;
/*!40101 SET character_set_client = @saved_cs_client */;

--
-- Dumping data for table `class`
--

LOCK TABLES `class` WRITE;
/*!40000 ALTER TABLE `class` DISABLE KEYS */;
INSERT INTO `class` VALUES (1,'A1','2008-12-20 00:00:00',_binary ''),(2,'A2','2008-12-22 00:00:00',_binary ''),(3,'A3','2022-11-16 00:00:00',_binary '\0');
/*!40000 ALTER TABLE `class` ENABLE KEYS */;
UNLOCK TABLES;

--
-- Table structure for table `mark`
--

DROP TABLE IF EXISTS `mark`;
/*!40101 SET @saved_cs_client     = @@character_set_client */;
/*!50503 SET character_set_client = utf8mb4 */;
CREATE TABLE `mark` (
  `markID` int NOT NULL AUTO_INCREMENT,
  `subID` int NOT NULL,
  `studentID` int NOT NULL,
  `mark` float DEFAULT '0',
  `examtimes` tinyint DEFAULT '1',
  PRIMARY KEY (`markID`),
  UNIQUE KEY `subID` (`subID`,`studentID`),
  KEY `studentID` (`studentID`),
  CONSTRAINT `mark_ibfk_1` FOREIGN KEY (`subID`) REFERENCES `subject` (`subID`),
  CONSTRAINT `mark_ibfk_2` FOREIGN KEY (`studentID`) REFERENCES `student` (`studentID`),
  CONSTRAINT `mark_chk_1` CHECK ((`mark` between 0 and 100))
) ENGINE=InnoDB AUTO_INCREMENT=4 DEFAULT CHARSET=utf8mb4 COLLATE=utf8mb4_0900_ai_ci;
/*!40101 SET character_set_client = @saved_cs_client */;

--
-- Dumping data for table `mark`
--

LOCK TABLES `mark` WRITE;
/*!40000 ALTER TABLE `mark` DISABLE KEYS */;
INSERT INTO `mark` VALUES (1,1,1,40,1),(2,1,2,20,2),(3,2,1,12,1);
/*!40000 ALTER TABLE `mark` ENABLE KEYS */;
UNLOCK TABLES;

--
-- Table structure for table `student`
--

DROP TABLE IF EXISTS `student`;
/*!40101 SET @saved_cs_client     = @@character_set_client */;
/*!50503 SET character_set_client = utf8mb4 */;
CREATE TABLE `student` (
  `studentID` int NOT NULL AUTO_INCREMENT,
  `student_name` varchar(30) DEFAULT NULL,
  `address` varchar(50) DEFAULT NULL,
  `phone` varchar(20) DEFAULT NULL,
  `classID` int DEFAULT NULL,
  `status` bit(1) DEFAULT NULL,
  PRIMARY KEY (`studentID`),
  KEY `classID` (`classID`),
  CONSTRAINT `student_ibfk_1` FOREIGN KEY (`classID`) REFERENCES `class` (`classID`)
) ENGINE=InnoDB AUTO_INCREMENT=8 DEFAULT CHARSET=utf8mb4 COLLATE=utf8mb4_0900_ai_ci;
/*!40101 SET character_set_client = @saved_cs_client */;

--
-- Dumping data for table `student`
--

LOCK TABLES `student` WRITE;
/*!40000 ALTER TABLE `student` DISABLE KEYS */;
INSERT INTO `student` VALUES (1,'Hung','Ha Noi','0912113113',2,_binary ''),(2,'Hoa','Hai Phong',NULL,1,_binary ''),(3,'Manh','HCM','0123123123',2,_binary '\0'),(4,'Hao','HN',NULL,2,_binary ''),(5,'Hang','hh','444',2,_binary ''),(7,'lkjkj','mjj','6666666',2,_binary '');
/*!40000 ALTER TABLE `student` ENABLE KEYS */;
UNLOCK TABLES;

--
-- Table structure for table `subject`
--

DROP TABLE IF EXISTS `subject`;
/*!40101 SET @saved_cs_client     = @@character_set_client */;
/*!50503 SET character_set_client = utf8mb4 */;
CREATE TABLE `subject` (
  `subID` int NOT NULL AUTO_INCREMENT,
  `sub_name` varchar(30) NOT NULL,
  `credit` tinyint NOT NULL DEFAULT '1',
  `status` bit(1) DEFAULT b'1',
  PRIMARY KEY (`subID`),
  CONSTRAINT `subject_chk_1` CHECK ((`credit` >= 1))
) ENGINE=InnoDB AUTO_INCREMENT=5 DEFAULT CHARSET=utf8mb4 COLLATE=utf8mb4_0900_ai_ci;
/*!40101 SET character_set_client = @saved_cs_client */;

--
-- Dumping data for table `subject`
--

LOCK TABLES `subject` WRITE;
/*!40000 ALTER TABLE `subject` DISABLE KEYS */;
INSERT INTO `subject` VALUES (1,'CF',5,_binary ''),(2,'C',6,_binary ''),(3,'HDJ',5,_binary ''),(4,'RDBMS',10,_binary '');
/*!40000 ALTER TABLE `subject` ENABLE KEYS */;
UNLOCK TABLES;
/*!40103 SET TIME_ZONE=@OLD_TIME_ZONE */;

/*!40101 SET SQL_MODE=@OLD_SQL_MODE */;
/*!40014 SET FOREIGN_KEY_CHECKS=@OLD_FOREIGN_KEY_CHECKS */;
/*!40014 SET UNIQUE_CHECKS=@OLD_UNIQUE_CHECKS */;
/*!40101 SET CHARACTER_SET_CLIENT=@OLD_CHARACTER_SET_CLIENT */;
/*!40101 SET CHARACTER_SET_RESULTS=@OLD_CHARACTER_SET_RESULTS */;
/*!40101 SET COLLATION_CONNECTION=@OLD_COLLATION_CONNECTION */;
/*!40111 SET SQL_NOTES=@OLD_SQL_NOTES */;

-- Dump completed on 2022-11-17 11:09:19
